flow,temperature,turbidity,tds,ph,category
112.43561663863075,33.34822006297558,142.25108400487545,5962.020568002694,5.985326788380338,Industrial
193.10000289738826,29.442156209414605,198.50807751563949,3650.470707645706,5.452227141577554,Industrial
162.4791518535967,27.397307346673657,71.01260228547861,3488.0723431711326,6.924785994536508,Industrial
143.81218778758512,31.75230342807256,127.74944785456051,5105.651842967987,6.605297307839272,Industrial
81.84260966194111,43.858194078250385,181.60596078919332,3363.2141610120716,6.595821761777845,Industrial
81.83923284706837,31.464058640415104,161.11529266313067,5723.029302414259,5.671732899487425,Industrial
68.13170570354792,35.37581243486732,154.5523611492902,5433.651007372047,5.537048755844163,Industrial
181.26466040849093,39.060379177903556,155.37261259806638,3715.976109500073,5.183517679826766,Industrial
144.15610164404922,32.27259204758588,103.92367268296327,5003.484271165989,4.640938741627318,Industrial
159.13016089144637,44.435641654419214,94.03877663967401,5018.171496338729,6.661805940637633,Industrial
62.881829201412344,44.24894589884222,171.40417332177702,2412.4954753437305,6.532252522825194,Industrial
195.7873793026792,30.035645916507285,171.5170092018771,5610.211626718266,6.999294183215326,Industrial
176.54196971205903,34.94497011784771,180.06084778701555,4021.0094897914287,6.991592092684764,Industrial
89.72747549495867,31.017566196335395,186.9860828834707,5305.829864430967,5.888579264006569,Industrial
85.45549540899408,30.696809887549353,126.70135982914067,3280.198404122447,6.422468537951277,Industrial
85.67663137948074,25.737738947090655,125.22744420307994,5582.092913984801,6.8619143247060705,Industrial
102.59391401433528,37.19128667959794,169.74427684501626,3556.8067149366525,6.624118476693528,Industrial
133.4659004285133,35.05358046457723,147.49458961666477,2043.3506059211934,5.118370254357994,Industrial
120.4723026098962,26.029575024999787,155.2950315886555,5621.527905677054,5.626360338275234,Industrial
100.77207962772587,30.57292928473223,169.36890041541517,2365.146707144534,4.8228985378787375,Industrial
145.65940526113314,43.165317719333075,183.50080127263493,3277.2545503616593,6.885127568146806,Industrial
79.52914049128586,29.79123781333945,100.69927352773037,5800.24786820322,6.0154365861272,Industrial
100.90025079493054,27.897897441824462,106.3374428959916,5802.428587750224,5.071607013758657,Industrial
111.29065806111683,34.789055205551264,64.09729097613035,4293.751552493144,6.179251711014642,Industrial
123.84979779038503,44.71300908221201,136.74202114942608,4527.3488486791975,6.04532060114474,Industrial
169.9246345950219,29.84110543023001,55.39134106951131,3793.782087913279,5.395406795082101,Industrial
87.95432950217037,38.44271094811757,119.83970271986902,3172.843086792258,4.783893980499073,Industrial
131.9928213779056,40.232392306574354,131.39669520613649,3314.6581814796637,6.178932988981999,Industrial
142.93803964068593,29.752750879847994,92.98118781924266,4690.073824308154,5.800769252259483,Industrial
66.50305778079968,39.56432697223719,138.62498908535161,5009.49811775072,6.4307959793390985,Industrial
145.0562792662014,32.355662654385064,54.57503749085741,5166.316174903394,5.800408752779983,Industrial
83.87337731622081,37.64611661187159,55.60222831238217,5158.472571178216,6.630453750796351,Industrial
69.10722301793913,37.670594215217896,173.39008409894873,2364.8244121947614,5.879767096936214,Industrial
192.84397521546666,35.71549368149517,104.02859621168943,3977.681218810326,5.902344928838466,Industrial
195.18848463043832,26.805795401088165,69.05907689778272,2230.2350400665773,6.691634006645863,Industrial
173.17562873630456,41.70604991178476,128.33648900822067,4198.1155292949425,5.508707165530993,Industrial
102.6459276842719,31.415601299434716,165.49903296479164,3766.1220054935084,4.8350380711266014,Industrial
73.67409596089374,28.730370207997083,82.37315412452648,5550.816731033199,4.571956690783347,Industrial
155.79262371170196,25.81550283109528,143.43357137285005,3403.6600502083147,6.387843139184048,Industrial
121.62134912354418,36.81785886376484,62.8021197490652,2468.2680657104233,6.050773878383662,Industrial
77.08535287826903,38.55128723684565,57.75225817529115,2571.9667282113433,6.260199420248059,Industrial
129.3247674155778,25.331756578557123,129.7031947352222,5046.042526869889,5.0324104037722766,Industrial
64.81439295613058,35.24186116598562,131.09526824151598,4472.8722532650445,4.840928688966924,Industrial
187.3048562910295,29.529915503958758,145.61448522473097,2404.490704491161,4.536361664169704,Industrial
96.22919742400236,37.903455808188994,158.91370005839923,2336.4272244599897,5.376468897016492,Industrial
152.75311980955746,28.487328580099827,196.37781191938018,4803.87652583648,5.974794217136583,Industrial
103.63955065251753,38.81875476204932,127.4450522451793,2291.052025456774,5.48061011274933,Industrial
132.80952296489352,32.734706926010745,98.44347094118689,5287.440237161425,5.593687305059323,Industrial
136.53943910805916,43.73459977473469,169.27792921530556,4824.968908625985,6.760396736234371,Industrial
85.87962377357378,27.750418882919867,90.62483768931114,2325.395122567599,5.370638667558251,Industrial
195.7418478870382,31.82132702100517,115.84571310584542,2339.3508563407677,5.784973722899527,Industrial
168.51859527055603,27.269470424811782,61.76845720133989,5946.558314004702,6.459132531852857,Industrial
191.5298518189865,43.49387236557126,53.80261151231863,3497.0831830244815,5.491356955803175,Industrial
185.27582905987083,42.54678706761962,194.39726220168876,3482.5685882675634,6.0552167505696834,Industrial
143.7059970335519,30.15883255430311,175.39701807683088,5251.19826903001,6.655909271866863,Industrial
189.06239290323634,38.199680920683576,154.3961309140547,5788.994309535435,6.8738015591441055,Industrial
72.38895028726873,41.34444400402432,111.34294166214048,5944.004255291484,4.867683702322595,Industrial
87.43760073868033,36.10401623198925,75.99414801062687,5013.512741035766,6.816469062903736,Industrial
66.33182044747532,35.59301156712013,73.4655564006629,3505.038342123663,5.730290732698846,Industrial
105.546246306857,29.837045818009035,87.5364347246893,2334.002866794675,5.145610970747396,Industrial
114.41482055652747,26.862055356117985,132.3839997059181,5108.587663709747,5.647839390595653,Industrial
97.98886444834542,42.944315159066534,157.18938840500937,4233.61699894322,6.950081438213693,Industrial
176.02325128127012,43.00836114326661,149.0296065076597,3696.8880369879053,5.731545234982174,Industrial
109.9454657371025,37.66202914546536,91.99008454189143,5625.417540378944,5.32187902571877,Industrial
99.3308313562333,31.780595820974014,193.2297920994791,2444.789929224605,6.083502135791814,Industrial
135.9774516421548,31.984191492253217,160.68453750436527,3970.5004171634364,5.100364046945483,Industrial
79.72939149646677,39.51911357740479,133.15310787671012,2045.4145790696762,4.6896583202716595,Industrial
172.30757730556556,42.94220519905154,141.75811193515284,3874.6425679765052,4.822199304776623,Industrial
70.43709011516792,42.741728485302346,112.94000936416849,2225.2131027273495,4.820114597394431,Industrial
198.16417112407242,40.597510917152476,87.15964842517363,2475.2716650722878,4.879756733780736,Industrial
168.11426770153204,37.84063292308576,103.39590179768925,2470.1049871084197,4.847067931623525,Industrial
87.82019541478414,26.682799299900978,163.67691656965536,4596.841208464254,6.102186862008036,Industrial
60.773096397304336,28.232574281892276,52.15902329446338,4984.179517061693,4.954700210997862,Industrial
174.1645999836768,42.97108377054158,67.41089607603743,4333.475060388639,5.364168208309658,Industrial
158.96002813866642,37.1285811931918,56.90039630326291,5848.690193898168,6.7419710247650295,Industrial
162.06100352573822,25.183941032332594,56.10932034784552,3499.482318094816,5.684904100657181,Industrial
167.9778485360324,27.02943085732064,178.3190876016511,3142.848345127443,6.168894346302568,Industrial
70.36625124277265,38.27003538216111,155.54867890700353,5474.396512757841,4.930799678004075,Industrial
110.18520199619817,25.101231676924375,121.12607436309878,2894.3833540778105,4.980722547021677,Industrial
76.22166833351815,28.216161028349973,64.67512409765023,5852.890157762446,4.602171540666197,Industrial
180.8344796225831,35.97467578733172,123.74238126752485,2048.6178987592652,4.922337657680411,Industrial
147.26173775585812,38.83790395385387,121.02076561708485,5879.515306830556,5.1964758475798964,Industrial
106.32572347937088,38.03922519005201,75.98028048650228,2172.6396478023044,4.942526210691867,Industrial
68.89816904004331,29.485386189211198,115.07774738569596,5564.572454792284,4.721756334392639,Industrial
103.5375250401927,39.24358442695072,109.775710159606,4110.804436345199,4.801589677751502,Industrial
105.52566508374458,29.744981749936002,142.37751470783246,5971.859184477202,5.651946920081814,Industrial
162.14486496732897,31.507993963185356,145.26404763014656,2295.1862589415955,5.015834296014481,Industrial
149.25804598972985,39.92982810236048,56.795601465806676,4215.417137605284,5.410674652620188,Industrial
184.2097839606857,37.992657980944294,106.19189219397069,5877.210142476396,5.758543177137142,Industrial
126.11008952267291,41.98446820988356,143.87898735713546,4092.3913766805954,6.225987071573414,Industrial
76.74319443136224,38.15225784600687,125.47043878701315,4517.59455254105,4.598280349602748,Industrial
159.8542702112193,36.36617206670943,178.47347617824835,4782.994755938469,6.498525997272607,Industrial
166.50990680636565,26.87349535656185,148.80404474284177,3818.1642590710926,6.0697509737272695,Industrial
138.57880765972948,32.35431606118867,74.44016406221445,4510.232320336254,4.70439757987218,Industrial
167.93540519363853,30.30404735363451,60.58531211006448,4337.2572476924015,6.683946560266943,Industrial
129.1313834910147,29.87979286758167,146.36289173094735,5604.632041963956,6.802181001329533,Industrial
133.18259611347918,44.46021109504891,53.976696581243274,2181.7855213658313,4.65269489963716,Industrial
119.85574257019695,32.861954493335205,137.8663371910195,3123.852758368921,5.1921941203680095,Industrial
63.55867774417332,42.84093110354227,191.03453621374365,5801.645936306235,6.515503199482653,Industrial
75.10479977906263,37.62277251994526,136.32112668138183,5561.055135563665,6.370649225959146,Industrial
64.40008599614279,40.89622607083297,108.22548893097829,3822.6270111428516,4.961302548390943,Industrial
149.09745757692926,35.052741862103844,146.49323276635297,4480.530391206146,5.0233733083417755,Industrial
104.00983735068573,36.53807769252718,118.73793357372749,3109.524731924531,5.426180256978455,Industrial
131.1998967630584,34.85035387637728,131.84251839739022,2752.4846388950455,5.711307462977553,Industrial
187.059306349653,28.90485975596089,191.21972131647877,3854.7936197599283,6.04563692882574,Industrial
94.90091208084249,39.44904230523011,107.91539567011614,3413.4089121042116,5.422284098924431,Industrial
117.45360922498816,30.615447248817116,194.17858457358713,4334.624447403488,5.65633679033287,Industrial
165.77715939602683,25.486319328629076,185.80259629340955,2310.9385478599393,6.368677345334391,Industrial
92.03174316882715,37.909445918143355,79.36867021839447,5897.579230664665,4.591708007226495,Industrial
70.77718737603102,28.542213588140978,60.40419513127482,5944.842977918412,5.131092360860052,Industrial
100.56520340792753,43.80917168705828,65.116700206614,4792.64685607898,6.283373964711381,Industrial
82.57098021556061,44.07857154005175,52.73327384773246,4144.385465376481,6.738017094217998,Industrial
190.15767132796023,43.29728780440897,64.16644411338926,3238.110465145311,5.779193605289166,Industrial
173.13685313901837,32.40317400510889,152.45101601245352,5255.180078827794,5.830283713163289,Industrial
148.6765259114593,25.30913233057735,60.678297269034346,4738.924690215517,4.76793002834944,Industrial
182.0044826262805,43.566371251754504,97.8463445440642,2650.4677573795652,5.618530917058637,Industrial
172.514090765876,33.563682966346285,176.73129664541818,5643.70873797537,5.831543166137558,Industrial
86.11980824404502,44.33309638087339,53.49079036037388,5290.148971692675,5.1061762590868245,Industrial
184.95825978859688,44.272399541785056,172.17027238834038,5799.199653167696,5.173108077373453,Industrial
135.5079138681911,42.060189109347206,92.27821621600998,4902.878033553439,5.443210407761557,Industrial
173.04162172296876,30.888977841391714,67.72472414324844,4453.660783743159,4.550177994444316,Industrial
185.45278198928906,32.7019545720385,154.5105748046226,3672.9721451624755,5.3051979139579455,Industrial
104.52048649606094,42.02273343033714,144.3414270169826,5730.913933416054,5.028620017491361,Industrial
75.40726943387475,31.338440103125553,181.62080202905796,5464.255558001633,5.318743380444786,Industrial
91.91092275587184,28.38985493372185,160.26065657058285,2180.8746804247576,4.799405329548128,Industrial
119.79509040767589,36.136025249167005,170.5221395577273,2105.467897989008,6.726318201849738,Industrial
174.52206722914903,43.723095483215616,92.30518588569598,3505.853467512198,5.983981133885122,Industrial
180.50228165588808,38.920595933499456,76.61593156695842,5242.213323127331,6.197755797861224,Industrial
60.9732982743667,36.4012234017873,162.59221274612875,5949.104517259778,6.472928096518346,Industrial
131.5046223608592,26.943529875415372,171.0252108900896,2601.667564414113,5.7461054973226435,Industrial
26.084420166119656,18.067028062321604,19.75492518509769,944.4621806839851,6.852362604471946,Agricultural
57.59745792729834,26.724596640335946,68.44511657595095,850.4116265748648,6.902774048659351,Agricultural
61.07887826146154,25.11777357768932,78.90815264924865,563.1397844545428,6.327247642383338,Agricultural
72.1807631929031,27.22908470869296,46.79831276118801,526.8109021001208,7.589619097499859,Agricultural
50.21616823607756,15.36220367641681,22.017550009381246,1981.5835846040472,7.387364451562977,Agricultural
28.93062119568946,32.44247817888303,29.061512856355826,1141.6597006037937,6.441539225577521,Agricultural
39.864313405910714,33.64236564967224,11.287347358322672,1076.4899707395225,6.164762091231685,Agricultural
45.41576074790446,26.30266367178418,74.00091645923493,1519.4709240396046,7.360998604149426,Agricultural
65.2142068932121,28.933016477537844,18.24257580230988,827.3808317975963,7.309022428562271,Agricultural
59.95448132682383,33.449987623545915,50.35615328599775,1924.941775925338,6.546519053996419,Agricultural
44.92677081284924,29.14477268626797,29.18386544810442,1679.517521623328,7.9017271245008205,Agricultural
89.05606741550858,18.050780858285226,48.792460176105536,634.1165034683893,6.302115783561801,Agricultural
62.4042373549821,26.525767203336265,55.59942718463049,1126.3711636773926,6.864669602085204,Agricultural
36.60587542151961,27.13430092765712,68.08192625950412,1818.677461343247,7.887231840335198,Agricultural
27.124773083428263,23.48261342604772,24.449489023242222,1917.0980334371154,6.839454633852244,Agricultural
30.70013974290324,29.728884712494455,10.769708006093634,1201.1022668748046,7.277051895328171,Agricultural
37.21704098691557,33.687340295380295,19.58199410481651,1420.1170838160615,6.795188795925588,Agricultural
31.247696128168897,33.51137025813553,73.00130492936736,750.5509191381128,6.54843040469734,Agricultural
33.0596916835914,24.016787428082644,71.17230542937607,1986.7529392054648,7.967955295919657,Agricultural
39.956661808569294,17.264760916815106,51.81891715192158,847.5075520751651,6.818668012630086,Agricultural
32.13615167063284,34.69682397924669,52.03618023035574,1914.0976612026884,7.788198407358269,Agricultural
82.77357972384976,31.777961728918683,56.55256721823788,1474.4699734885526,6.459909211782172,Agricultural
25.616362196314952,17.493253624065336,22.27598950364147,1411.6051923182886,6.426209408050166,Agricultural
56.71579726991783,33.416837652347446,74.00883621474719,1269.0327665247628,6.062268165769023,Agricultural
48.72777788927631,32.39792724124257,39.31393674244512,846.0047175766381,7.30333365075177,Agricultural
88.76650318360245,25.376761142521442,36.81969697746482,764.7920480082623,6.737052687447522,Agricultural
27.842723151763664,26.825508714898586,46.324239369798626,830.7293136052631,7.728716499679274,Agricultural
47.84989193320192,22.980054077402606,13.287617674253854,779.6573932163817,6.946419813383114,Agricultural
87.86293032927583,16.095232776440625,21.639835812925558,1669.37671035013,7.9363868558294435,Agricultural
80.58549881257862,21.70394483291802,61.662353149845934,1025.1878887500952,6.3710510314062425,Agricultural
77.19504496644959,31.057068971960227,15.795906754758853,586.7640148450946,7.737246335911221,Agricultural
38.05319789314579,15.092640460092056,52.220647662647174,1953.653945211217,7.5531937055834835,Agricultural
31.962131117304608,21.669983433822885,27.174437677692467,1825.6788274451385,7.541843689288104,Agricultural
66.80502539471017,22.963373871818867,37.25069298293836,1891.6284247928195,7.689566456233775,Agricultural
85.05631923893101,25.74791205875846,30.20856157394899,1992.361733969653,7.522047981885998,Agricultural
58.973402510975085,33.39711232825521,34.89709015254644,760.8428738292309,7.2524406432628306,Agricultural
60.012888262892986,21.926919887319226,60.33321336289718,1094.3630283539883,6.262489755364776,Agricultural
39.59853655621989,21.939064037924553,30.79852009362225,1637.357713556137,6.065052358982504,Agricultural
73.86450532343558,29.750024962194967,49.648324820782804,1544.0309270806883,7.8416956956313735,Agricultural
33.093062399026635,24.044358817796144,43.32352815393698,730.8438595097825,7.2333006290414765,Agricultural
42.657546548297056,19.49209645879964,56.45698157538537,1723.7496874859266,7.593074581952353,Agricultural
49.780550703149174,24.04879032265387,75.57808175273306,836.660857754991,6.9630447030251,Agricultural
55.53272650791185,17.817140407595996,61.28004680471752,835.7264222339346,6.234616377924789,Agricultural
36.968681269055615,18.527739730124466,25.045826501352973,1305.4616343401203,6.250371584405101,Agricultural
28.038577731744248,24.967355454789594,12.182819454289927,1389.4099022625546,7.3711305744579425,Agricultural
62.74340297091428,23.378508990090957,28.358483100987755,1370.1293117567168,6.860611789798925,Agricultural
40.2041387268179,33.296918021362,51.65545514901784,637.2302560966323,6.401049453400674,Agricultural
60.68667549958286,22.24787798233266,13.599806943897525,1816.1912939455706,6.983189093482874,Agricultural
30.80539006919416,26.61176700556087,44.74563730408654,898.4000638830591,6.128417874150268,Agricultural
53.67980712983722,27.645285758390607,51.778999424182246,694.2723819242062,7.163942803828798,Agricultural
57.28126027861101,15.261889131766672,33.397072357187255,1833.1221198034657,6.537986808870196,Agricultural
23.627647577569885,28.270747440334212,63.96385426220753,1933.47724734463,7.595118201274376,Agricultural
43.56229947357444,18.560719337395028,17.461877719364026,1793.191425898176,6.6207239178471475,Agricultural
29.409027385728198,34.2214063493891,15.259644721506614,1714.274112087317,6.910440298163603,Agricultural
24.436247933093743,17.973254555062258,60.97321293425223,1482.8629709585325,6.023241079816201,Agricultural
89.29721626729616,23.292482474540474,44.68439213443389,1326.2860559137089,6.144893775589118,Agricultural
42.56476914823061,16.706993361572877,58.18816774994152,630.4801398671152,6.784987112813369,Agricultural
76.69121120982444,34.93748503691894,40.437913702262236,1112.679819606048,6.959877669434247,Agricultural
37.82484583346347,25.04390020662485,27.248142326737476,1059.032775518471,7.200041096238607,Agricultural
67.70519055567505,26.907700346400876,67.33716223719398,889.6306756404892,6.5833251574186065,Agricultural
73.21595019227806,16.34152954776855,65.95911152782855,1585.1301705328774,7.389963772253085,Agricultural
61.6947118425491,29.999209407983557,58.62875295980987,1243.8136026181562,7.720244794378409,Agricultural
53.010333198511084,19.198111861911716,29.050159606097388,621.569323861472,7.5597019777867,Agricultural
48.8288639903088,32.96108578881427,51.3161466808361,830.274802924717,6.079237650696714,Agricultural
44.42077865800967,19.102792809640142,35.26817278580188,1524.888145489394,6.961013894515657,Agricultural
85.06704009734781,18.81375441327333,16.410745132864392,614.1962892354503,6.20986035683635,Agricultural
78.14335854514104,15.730993356961898,74.211950282357,1776.810371073153,6.484090031725055,Agricultural
87.55188374665588,24.441338902199984,19.5773041643273,1242.7197905209614,7.973325186534293,Agricultural
28.700805643988133,26.29682266525233,76.51661476745618,1220.8798659899721,6.284991085803027,Agricultural
71.1607232642551,16.31417278856705,41.2204041070569,1388.6116769892765,6.997776306902712,Agricultural
85.68383197747265,30.51055233390021,22.959305018703375,1737.0214488877239,7.236311468636238,Agricultural
32.68631463159621,24.065776694960554,47.93306631648507,1021.7138118532896,7.4049299410882075,Agricultural
24.654738715674426,25.4878053865516,71.10620851134857,1517.0242288385953,7.119297366973829,Agricultural
71.87844545030413,23.81525493876456,61.25574204866928,1348.5979459936866,6.0195416948383675,Agricultural
60.21311792259383,23.01526121750652,66.45928035030148,900.5424052541321,6.6529226164879836,Agricultural
78.92801437307904,26.19280662616436,56.114835669750214,1817.944979532737,7.035423286769423,Agricultural
29.784066363840264,18.10480491861425,58.45935951624967,1696.1390324103922,6.175732998289667,Agricultural
75.66871183019231,18.63856260990542,69.44369560957236,1487.6777519876382,6.701253862418362,Agricultural
34.11391240334211,32.235712420270346,27.476760620143015,1775.8725936413628,6.066406217582733,Agricultural
31.455916000599316,33.922309242672654,44.259747455019834,1800.9413014397035,6.157156994310041,Agricultural
31.498605855169508,22.46618632559506,25.484660927372154,1562.5444650725522,6.793846552403192,Agricultural
77.02023041619674,20.414893462871078,79.13676055976529,1755.519992545508,6.26543150808612,Agricultural
66.563805448734,27.879990864780314,76.08415377806293,1546.2071925039254,7.135081696523116,Agricultural
56.614579733838355,23.17468342196193,12.759876795795414,1520.2111576404507,7.378929938274531,Agricultural
45.118133888645175,15.507727113206897,59.390262076098196,1427.9170673227763,7.601173398218165,Agricultural
81.40403785691758,18.12305194732381,74.7673822190966,1629.074959336462,6.40030048848962,Agricultural
47.47115751958448,29.31944457694795,22.640274158913346,737.9076579396105,6.33496516451814,Agricultural
77.1619607630104,28.178478838203027,49.756166138684065,1821.3061387983926,6.2091356806688,Agricultural
50.73944359991529,15.54191985006967,74.08418083116293,1807.7652916178479,7.272860499087273,Agricultural
46.38611005974353,19.43944323865899,12.37621850100592,543.8709245518387,7.412951452973802,Agricultural
52.38758499687245,19.62149593176143,58.81941870727879,1738.725125847144,6.063172289651284,Agricultural
41.09645119148995,28.43785487197457,30.814430516078552,693.3048012101679,7.872424492487379,Agricultural
72.33265661233759,15.394210755087283,74.70773367635712,1002.6782813887128,6.103942567302945,Agricultural
55.19042730647354,17.082171639691477,77.97407716157575,1615.2623844374116,7.082592670602141,Agricultural
36.25488866027721,30.998321707463788,76.09865423794038,741.1398440724623,7.418121038901833,Agricultural
82.9702201292198,18.570893241086672,43.194995166022466,1726.9505361785932,7.741938247492171,Agricultural
46.8723854961248,28.054922157037495,70.34298556925194,1748.201266936613,7.428173864264855,Agricultural
58.0487002779792,19.76365562093453,69.11845789745493,1261.2016006412543,7.603456166139583,Agricultural
83.45304776751829,16.988827855186905,32.337033127027894,509.5788075752504,6.678900385085612,Agricultural
63.69665971397944,19.86344381998908,68.02408319054742,930.5571997623692,7.629650227493024,Agricultural
28.182862849585483,29.44533863711318,12.590534430084483,1425.3903775636134,6.1602296927693505,Agricultural
85.78824865294325,32.11392936212572,51.738891493743715,1971.7792670411352,7.7896333121210555,Agricultural
63.93956371499925,31.604397291339833,26.100618610139215,1447.7202905250026,7.095184752307473,Agricultural
43.44339302599603,22.943670592369095,18.439682004409516,889.7053715962397,7.634595539924987,Agricultural
29.749045086437107,28.361702731412922,15.386724114044641,1451.008554649417,6.9046365690366,Agricultural
75.58176324892071,19.09968590831642,58.740214311469785,1309.9780695737832,7.28715539039305,Agricultural
63.40509291499595,20.862954605220267,33.791247463764634,1669.7680927267154,7.052805321872226,Agricultural
57.34227643834251,32.9267163704224,60.7336740070133,660.4709582404377,7.463179043510664,Agricultural
82.57248081356704,15.26003847021472,14.574943855925966,1641.541853753042,6.163259964061179,Agricultural
75.20180478571714,16.71017061708936,32.07032364814272,1311.8998680141653,6.120704167981128,Agricultural
30.617241581292582,19.157725102920544,47.7643904662736,1944.488005788492,6.494206468020293,Agricultural
41.82054474568838,15.530644077476394,65.35062153872744,1012.8082490580291,6.319089360226377,Agricultural
37.3942397870126,18.628708701795947,32.312675205244894,1448.9328397009222,7.743567133184404,Agricultural
72.07624048008739,26.66083121939384,53.81239635059064,1898.0421582650263,6.438427974716088,Agricultural
22.347270431504555,23.428491011849957,72.0184423765331,653.7645919860189,7.951730511638263,Agricultural
59.89227794099216,32.8534342215395,53.11042317276132,1905.8427308546768,6.673791583542213,Agricultural
73.37210800184835,31.34887123476882,26.307163232754363,1531.82858345122,6.364235831377399,Agricultural
81.37359457332246,21.83634703395752,11.708054708957661,601.7555886577578,7.579397014284958,Agricultural
43.94572241011352,20.188468668625852,70.90692117306509,951.4453504202244,7.317415551001752,Agricultural
77.48801132704091,22.59384816334534,11.4888587595271,1562.2581329679224,6.996391432906278,Agricultural
27.744221586864505,26.805898850296153,71.22911708789397,601.0259022031576,7.110727101875263,Agricultural
79.25166042141628,20.361272816457525,47.02559938190484,1373.25569026441,7.438403556544528,Agricultural
28.924206363238767,27.482978156982682,75.73473889590274,1018.824585429435,6.4569094826625975,Agricultural
47.81011033922571,23.18823304382481,65.91482650415658,1431.3732766512157,7.992667832113484,Agricultural
75.81067560456876,26.040943617039606,79.85538773733363,568.6130507187693,7.949586324293566,Agricultural
30.494219914414167,23.722530582706334,34.54982708161971,1807.3052092285643,7.300651372693874,Agricultural
36.0475976662849,20.889315190838353,63.70318022517888,1960.2334537660954,6.3990849018582905,Agricultural
70.55767978751464,33.96906613924313,38.13516395264695,1953.3167829285371,7.360456484862583,Agricultural
70.4025575582252,30.272115883195216,43.59129342127362,1624.477747614387,6.144396817958352,Agricultural
64.8803343019708,17.802263515329052,53.9253824252859,695.1293601959479,6.061305004411612,Agricultural
68.576391112697,32.36935951795826,71.15739799304372,1637.394793893534,6.515365777022428,Agricultural
57.99071103433173,24.748623964990273,78.88584284395066,536.8803746882022,6.925245913478633,Agricultural
37.625934123486694,32.891044537881825,63.77913897051627,533.1853272934959,7.736545010816761,Agricultural
44.19871954527436,30.997105118946305,39.243674751713364,985.4153287243118,7.4543381395326165,Agricultural
32.7118401760998,23.50427008938467,39.494990159394916,1232.9647856069987,7.485413042399962,Agricultural
83.59153929335397,15.449386166402348,61.630761111222405,1655.6111267116898,6.850986668896151,Agricultural
60.837425633628435,20.37354718769892,26.714400203781164,1524.9430649097578,6.691869985093926,Agricultural
48.05959917345479,25.83268429321734,17.733187919197626,1168.8540595651225,6.742077525969205,Agricultural
52.340406255089285,27.669564396522944,34.82355103485436,910.4399994224989,7.975299127472116,Agricultural
86.30983377282708,20.157753708664046,30.106729415785722,1995.6867502365667,6.080218382824965,Agricultural
26.14391338755101,26.35668432350043,8.800790875614583,422.39205300509343,8.13557065971389,Home
17.78158684859941,12.40418110741217,6.5087736904719415,380.1264712526309,6.927022732621344,Home
13.719847156498123,20.88978195921699,5.329577865513353,396.1872021386029,7.511705385903658,Home
22.03247215203896,10.115173209962432,3.243337531153756,54.96406899289124,8.1814060560224,Home
15.113399301316383,16.491716598005404,3.330019130581979,237.2692991808927,7.965603089532501,Home
26.329273904368158,17.32923069742796,6.694869551981901,266.60486823589565,7.584474410983697,Home
27.120354056326498,17.923453832185107,9.941393612211675,58.63652457037551,7.680695380917546,Home
13.229906879330207,23.909344133797244,6.618391898493786,166.9159439352654,7.51672109383256,Home
9.028006119816496,17.771162025406916,5.577834173700249,392.1304204049608,7.095096902637641,Home
18.178159529207505,18.973872452450614,7.306505102392461,111.69936757804957,7.630043985718032,Home
27.458537022884038,14.75088261748655,4.652056122837181,290.88955915366626,7.877770604100181,Home
7.1092034811643305,17.4650358325868,0.6014234260078521,146.8408424077569,8.246645831721615,Home
19.066030923341,14.545392545263029,5.6229681587790985,55.45434858975197,7.772582707958496,Home
19.315246382683096,11.463918475368873,9.576252845053801,158.54065591979366,8.022243074086315,Home
22.260277650043147,22.06897186762756,1.7530294235765964,489.1431897095242,6.8201432699091455,Home
4.815462868690535,23.364255971100327,6.900048908206657,410.6917003473453,7.423114948839579,Home
21.75892397578057,22.389806920192292,2.0093368865905648,481.80948994446504,6.518663239654186,Home
27.361943099303588,19.26988087601145,5.3582768447308124,269.53431976686306,6.993357729043246,Home
6.210810157237017,17.595715603584594,0.9667644964671962,99.38128940487658,7.95292343022601,Home
7.888756422792452,27.266672991436504,4.503709362581851,296.58177003816184,8.483619902698727,Home
29.17045772720755,20.38163570272436,7.561633288952461,254.4698005519824,6.698356199174432,Home
6.248331628575203,19.58363755259462,3.4757152423898208,429.9606872328272,7.3029886317225765,Home
25.777167707717794,10.512841316128714,6.64911724487218,94.13716135291006,8.10014193739832,Home
15.276057836993008,16.824956552523126,7.954499607897292,269.7085116598002,6.908071269257798,Home
8.169701157692135,17.60391237571714,9.271778194794527,117.52189911229291,7.610169898604573,Home
26.251747136902832,17.976455617938008,2.3464208185545354,196.10416710052698,7.96614259205935,Home
13.9138523950773,21.603447384546648,3.993159158093081,381.81068482450985,7.731970900520358,Home
15.929703263961015,20.67205093453757,1.5241601333041743,264.20815821594493,6.876049469230832,Home
11.417767712593205,22.158101855868892,9.924835021583752,219.1497283155962,7.210769137371479,Home
18.195574691612894,25.297665230842565,9.270009679242953,227.51432535651588,8.067583568970795,Home
5.74219230496566,26.25971477432187,5.399571302805596,256.75104578269395,7.608453028264034,Home
12.341364562901061,24.362461524529888,8.420332943764212,403.2574447266756,6.510459227085826,Home
29.112957347723338,29.110473919098695,5.209579772720422,451.4381100231055,8.021981520056187,Home
8.485869548332698,10.364651653527233,6.2358568800275975,479.90060892676775,6.570622709880478,Home
20.045363271697475,13.915559713670921,0.8912443211601662,404.1065238148828,7.9914675654624645,Home
10.430511862516152,10.151257499562842,7.552704204968079,191.93310308660574,6.904961120330475,Home
23.430720644911418,22.949494283092058,1.2771348363523483,359.660617738944,8.41614696023876,Home
4.795336160832145,27.96061097899974,8.260676302525283,246.92140582492635,7.235881502604169,Home
29.124810307277798,14.869645931525985,7.820280876703859,164.60177992072303,7.153863232676159,Home
14.159896700125538,28.540690895926133,7.087446977429765,428.39221074166517,6.79777610066489,Home
7.845463437047455,11.205347805791217,0.36160380524762115,67.29185703304626,7.1112084309804295,Home
3.131405672570367,28.688720536110285,3.031283559453286,455.7928964609406,8.2533015236564,Home
5.922979247538682,17.03245374479269,2.631125699108429,257.6648590811304,8.492668675254494,Home
16.07344450812451,12.02841656898433,3.6013640747151907,336.74066456372617,7.2366190610136965,Home
10.773092116507303,19.717435183726515,0.8764274676383854,346.70926499260224,7.397221261909085,Home
25.037617610595674,15.135531354410158,9.369578230310628,452.80298331794137,7.9441418764054745,Home
13.495738186192373,15.697458039238457,5.538022407123763,336.5013569752433,8.27239156093015,Home
8.212713905041268,16.14579929852573,3.0552431065802352,326.2701131420278,7.686088668373568,Home
18.897204611516873,26.060517956653268,3.969815170742834,79.99341825231048,7.283051396355659,Home
21.49653928967793,20.78322553350509,4.472025405048356,283.2836098753418,7.3252436816972475,Home
5.844215329127546,16.22615398312007,6.005943333606173,117.57605036766874,7.8912362929936135,Home
5.860957272361212,22.206675666218366,5.156794276964978,381.84519592466853,6.506436527208558,Home
2.063471381072746,24.32301348446387,9.193919732144174,280.4998643657035,7.739178674919682,Home
22.355658436903575,15.452480014670675,4.969634829058302,356.102500643759,7.210986020882714,Home
20.250331301032347,18.270982030507028,9.921580148233126,68.75280527107292,8.088394662554169,Home
14.764295396744602,12.43772186673895,8.514249577450958,88.15640722061144,6.685981279646264,Home
25.480943020106718,13.622986990693606,2.085105143573358,372.345524628207,7.676404533896781,Home
24.36443443555154,23.622357079299654,9.305952146439163,82.43795119940302,7.461945779772248,Home
17.975276567505812,13.628766953912539,1.163663978854761,82.06552749436636,7.784651051810455,Home
26.1798671348845,20.503267673341202,8.174497084911916,55.448813855699356,6.629707188965937,Home
6.969395091066279,24.180925234448654,3.806232934765801,480.42562923476606,7.659967574856262,Home
4.245668962534109,12.137538461894877,8.779743204450694,381.8787617565531,7.622969175919048,Home
8.822738733992699,21.346244392578072,8.680566901074503,208.96313382592888,7.621320188832342,Home
2.655518826590131,15.131255674027276,8.059254001176212,183.44101157944485,7.70697533319291,Home
16.403916312029928,29.258537504751597,7.900304363070614,207.3664533856323,7.852935874452724,Home
28.161565076553885,19.670912934398494,3.046791390980408,398.59408903153184,8.10997799936154,Home
2.1409626793867798,26.119850995503164,0.8091928305125218,347.6167749816865,7.039641440256428,Home
4.541187506290777,21.004530843125234,4.029801787651614,133.33800554036057,8.150098820360125,Home
14.113771820219624,10.868250657096382,1.7352451498650867,128.34920090033796,7.496511364526907,Home
28.08237550830924,22.663027511880447,6.9495108890246176,94.27804237102879,6.6541165582686626,Home
10.168527044325765,29.02806684413314,3.4609972653778556,347.1362238656022,6.617101858487958,Home
15.70980945196338,22.032236402926625,9.756102008599148,393.9676979997812,7.168476637392121,Home
2.205612912461371,26.383777188535802,6.40972077345332,169.27089274625183,8.069793954222934,Home
5.3019528279005765,27.684129266968156,8.224805636343609,59.42523246391077,7.915361869481831,Home
29.61227356580656,14.56159543897865,1.3252467274184843,86.9772503643923,8.077229929344814,Home
28.98844219664532,14.240896798164533,8.620144822726225,485.5370156802637,7.534538112883219,Home
1.1432594470978787,22.219619777019837,9.227571905133944,182.95014986483912,7.380397995910981,Home
28.60254177727393,18.220569396134096,4.870619188189359,396.15041652716013,6.794905053412568,Home
19.53447819664951,26.797226057334406,6.062529377509774,331.0986059844187,7.156385507218623,Home
26.169630541080643,28.000462467960222,7.648098009029955,221.87283784380315,7.368038732347751,Home
14.187455813381915,17.068427586054362,1.7483862726041255,142.55926798799982,6.6772008593592345,Home
15.952284828798257,14.73741117948964,5.0256607646344245,104.62388817173289,6.941223905422422,Home
15.176550827450685,25.610510304877238,3.986630277723131,326.75583561749,7.696450588127478,Home
20.339063468837026,15.496120710962721,1.4637399216224911,398.58520128700457,7.97132622847838,Home
5.049886387933074,26.45228637027357,3.6753442229153146,339.7569140935088,8.4966950227859,Home
1.8692341063076605,18.474765072975256,0.6817230938549357,288.6359599621212,8.366226662687115,Home
9.929968306144536,23.35099798582941,0.25811906949486985,68.87805054423632,7.785130399070383,Home
21.435742119362754,11.910706276693364,1.3516628915482276,485.8199499174727,7.342496106588144,Home
6.853750111565502,22.477186493531462,9.631151115891738,409.42138624455856,7.772354729416465,Home
20.529540566422604,19.035353574744583,5.49529535895017,181.76991651543412,8.071303236160464,Home
29.127449337110843,21.732169263509483,9.6582216115322,490.9866482114828,6.736672381846775,Home
3.7231207578931333,13.360284154897268,4.32497878330132,320.84671533634497,7.3198097793925765,Home
20.505461428528662,24.73747489888364,3.1181613308525957,312.0901961932609,8.179604571271234,Home
13.868756359832563,27.25594155086457,5.061418628402441,386.6329307432894,7.267665903866088,Home
26.176125376947656,14.334796001815512,4.3951168863291015,415.2964046405619,7.643744542454373,Home
6.137343893974191,11.914291110403234,1.0566468426174391,345.41537329917617,7.675538721724396,Home
21.08615261455877,10.472771720926728,6.408263146902062,107.64308586479001,6.868952506267279,Home
25.305343399795195,22.83943000886532,2.160381825095996,202.22037769752427,7.224470883304576,Home
28.393812364746672,22.141880721775614,6.195879548978295,467.6376381467224,7.169022577483864,Home
20.81419282039973,20.9339482542814,6.502010923981533,151.07702532973337,6.552393417064129,Home
15.418068156244392,14.638941922319509,1.520248531286481,217.475160726881,6.54838352778271,Home
18.917569965835202,17.81811991811029,0.6134962711066816,244.4345973248882,8.163394087351547,Home
26.19824454988283,21.88952670372346,7.807615860684399,247.73224536250348,7.046141619945625,Home
17.54768265252606,19.93533717718339,4.5980042376932015,325.8228121225365,7.536157532477631,Home
1.881224731208269,29.755710404297744,0.5816379550547579,474.3841269851184,7.097451147177546,Home
27.997512169702357,12.728795051134663,9.948663171697671,158.31172032462723,8.381358490230681,Home
20.996275779915273,23.902891080951875,0.5778056099636664,104.67561933541313,7.0185935177315475,Home
20.61888818754015,18.086375362085843,6.950352288585532,138.86172043697178,7.359313625477871,Home
7.254579419533798,18.563992298512296,9.836789252634135,449.1162050941713,8.245460500969203,Home
20.10767863674706,24.351955313163526,2.391801042159256,340.6148656948427,8.183867133583618,Home
12.422067763970595,23.84872302648739,1.4224936868719618,178.65805515762207,6.872202835692555,Home
19.885756334203272,29.825119874043764,1.213849394224289,417.17612253587777,8.105286619591421,Home
4.091197878931731,12.567885789082505,3.0327514756759557,437.6164983635462,7.416373773475785,Home
20.077513833488045,12.082192987683326,1.010458110106467,430.9314524106251,7.46593774417071,Home
29.98299804734933,24.48677634257482,6.9216134169413195,463.5169401377995,6.766959944831887,Home
2.398149126956125,21.56773834012818,0.6229179813006269,163.50845907801272,6.661203027514249,Home
29.3380513424182,15.483213331196117,5.094221281497897,389.76886793582526,7.95587861394753,Home
12.800330860963248,11.588387379779732,9.966968538529768,257.242773773363,7.4929223047106,Home
26.251850059780516,11.713164991928611,8.139702695060189,428.8993488005277,7.373701405230359,Home
23.68917903768993,27.883817493282365,6.152194382310109,377.82080472272594,7.959016457304793,Home
17.443471568613365,13.837346494374858,3.062536207866117,399.4013509248761,8.03102579798222,Home
22.41502706828847,16.467431242310415,6.238958362916385,345.27282695648216,6.817816335338707,Home
26.47695127773909,14.53312804453976,5.270414639116517,129.8429462613681,7.720450298955282,Home
12.720069327879957,17.09992611663875,4.260833838903714,295.26211350362223,6.770708164555371,Home
10.483961685333922,11.388476854921867,1.3071037674019947,493.1013827860287,8.002750172058091,Home
20.360208181343957,20.38119581816541,8.866042152404667,471.8246299237035,7.813910312534279,Home
24.4275323162965,11.352251271844299,4.497846488213225,69.42818110865525,8.413229242166915,Home
23.106268908521855,26.007130156447232,1.9462251182076507,124.1666670782467,6.637916032712843,Home
24.1365958169004,14.67424163820866,3.677593508772896,109.27794805455287,6.614109442302508,Home
13.631916129575057,20.800238292090214,4.1412975252892705,376.690959493383,7.0643741493864,Home
